"maxiter","width","height","lower_r","upper_r","lower_i","upper_i","nb_thread","loadbalance","try","thread","thread_start_time_sec","thread_start_time_nsec","thread_stop_time_sec","thread_stop_time_nsec","global_start_time_sec","global_start_time_nsec","global_stop_time_sec","global_stop_time_nsec"
256,500,375,-2,"0.6",-1,1,0,0,1,0,26965,807961344,26965,975801085,26965,807961196,26965,975801155
256,500,375,-2,"0.6",-1,1,0,0,2,0,26966,49039537,26966,217002306,26966,49039392,26966,217002385
256,500,375,-2,"0.6",-1,1,0,0,3,0,26966,287598311,26966,454420092,26966,287598166,26966,454420175
256,500,375,-2,"0.6",-1,1,0,0,4,0,26966,523553849,26966,686975199,26966,523553696,26966,686975279
256,500,375,-2,"0.6",-1,1,0,0,5,0,26966,755914358,26966,922587055,26966,755914207,26966,922587134
256,500,375,-2,"0.6",-1,1,0,0,6,0,26966,992193375,26967,158782328,26966,992193228,26967,158782402
256,500,375,-2,"0.6",-1,1,0,0,7,0,26967,224872609,26967,393117529,26967,224872476,26967,393117616
256,500,375,-2,"0.6",-1,1,0,0,8,0,26967,463672008,26967,630352199,26967,463671868,26967,630352285
256,500,375,-2,"0.6",-1,1,0,0,9,0,26967,694477955,26967,862941981,26967,694477802,26967,862942067
256,500,375,-2,"0.6",-1,1,0,0,10,0,26967,932145971,26968,99366003,26967,932145833,26968,99366089
256,500,375,-2,"0.6",-1,1,1,0,1,1,26968,262690163,26968,429232731,26968,262655147,26968,429303054
256,500,375,-2,"0.6",-1,1,1,0,2,1,26968,498917658,26968,664245206,26968,498884982,26968,664315233
256,500,375,-2,"0.6",-1,1,1,0,3,1,26968,733389967,26968,901039697,26968,733327220,26968,901110950
256,500,375,-2,"0.6",-1,1,1,0,4,1,26968,969592679,26969,133758899,26968,969527367,26969,133835953
256,500,375,-2,"0.6",-1,1,1,0,5,1,26969,207229090,26969,372414549,26969,207159862,26969,372482386
256,500,375,-2,"0.6",-1,1,1,0,6,1,26969,441234290,26969,607835092,26969,441205661,26969,607906320
256,500,375,-2,"0.6",-1,1,1,0,7,1,26969,676365591,26969,841042700,26969,676296618,26969,841110944
256,500,375,-2,"0.6",-1,1,1,0,8,1,26969,910162005,26970,77499330,26969,910129405,26970,77567160
256,500,375,-2,"0.6",-1,1,1,0,9,1,26970,147015649,26970,314575664,26970,147006012,26970,314645192
256,500,375,-2,"0.6",-1,1,1,0,10,1,26970,384952639,26970,551708335,26970,384894850,26970,551778445
256,500,375,-2,"0.6",-1,1,1,1,1,1,26970,641869982,26970,809417725,26970,641805553,26970,809485054
256,500,375,-2,"0.6",-1,1,1,1,2,1,26970,877631119,26971,41861622,26970,877597337,26971,41927842
256,500,375,-2,"0.6",-1,1,1,1,3,1,26971,110016213,26971,275656356,26971,109981706,26971,275724603
256,500,375,-2,"0.6",-1,1,1,1,4,1,26971,342243849,26971,506382430,26971,342243022,26971,506450431
256,500,375,-2,"0.6",-1,1,1,1,5,1,26971,573173634,26971,736148622,26971,573164643,26971,736215927
256,500,375,-2,"0.6",-1,1,1,1,6,1,26971,806738039,26971,972612814,26971,806728999,26971,972685111
256,500,375,-2,"0.6",-1,1,1,1,7,1,26972,43094479,26972,211286465,26972,43088383,26972,211352159
256,500,375,-2,"0.6",-1,1,1,1,8,1,26972,279389572,26972,444295420,26972,279340290,26972,444361984
256,500,375,-2,"0.6",-1,1,1,1,9,1,26972,513536037,26972,680976335,26972,513476820,26972,681042086
256,500,375,-2,"0.6",-1,1,1,1,10,1,26972,749278484,26972,912516028,26972,749217167,26972,912583560
256,500,375,-2,"0.6",-1,1,1,2,1,1,26972,997613823,26973,164692903,26972,997605210,26973,164757363
256,500,375,-2,"0.6",-1,1,1,2,2,1,26973,236149030,26973,402697882,26973,236084875,26973,402765195
256,500,375,-2,"0.6",-1,1,1,2,3,1,26973,477151755,26973,643266283,26973,477119495,26973,643337034
256,500,375,-2,"0.6",-1,1,1,2,4,1,26973,711378356,26973,878816573,26973,711369608,26973,878883062
256,500,375,-2,"0.6",-1,1,1,2,5,1,26973,951403530,26974,117757080,26973,951370931,26974,117824111
256,500,375,-2,"0.6",-1,1,1,2,6,1,26974,186981720,26974,351900527,26974,186939753,26974,351972086
256,500,375,-2,"0.6",-1,1,1,2,7,1,26974,425369601,26974,593166175,26974,425336667,26974,593234126
256,500,375,-2,"0.6",-1,1,1,2,8,1,26974,709700310,26974,877284111,26974,709639453,26974,877353998
256,500,375,-2,"0.6",-1,1,1,2,9,1,26974,965326884,26975,130876437,26974,965300615,26975,130945898
256,500,375,-2,"0.6",-1,1,1,2,10,1,26975,201024149,26975,368361950,26975,201018103,26975,368431086
256,500,375,-2,"0.6",-1,1,2,0,1,1,26975,454585965,26975,540240993,26975,454442449,26975,542151207
256,500,375,-2,"0.6",-1,1,2,0,1,2,26975,454648366,26975,542040640,26975,454442449,26975,542151207
256,500,375,-2,"0.6",-1,1,2,0,2,1,26975,622458268,26975,708068624,26975,622320645,26975,709925847
256,500,375,-2,"0.6",-1,1,2,0,2,2,26975,622389816,26975,709851431,26975,622320645,26975,709925847
256,500,375,-2,"0.6",-1,1,2,0,3,1,26975,809892844,26975,889966848,26975,809786567,26975,891801002
256,500,375,-2,"0.6",-1,1,2,0,3,2,26975,809895161,26975,891729608,26975,809786567,26975,891801002
256,500,375,-2,"0.6",-1,1,2,0,4,1,26975,964683898,26976,52422320,26975,964525043,26976,54205265
256,500,375,-2,"0.6",-1,1,2,0,4,2,26975,964621237,26976,54138686,26975,964525043,26976,54205265
256,500,375,-2,"0.6",-1,1,2,0,5,1,26976,126560316,26976,211492866,26976,126455477,26976,213346319
256,500,375,-2,"0.6",-1,1,2,0,5,2,26976,126639249,26976,213281276,26976,126455477,26976,213346319
256,500,375,-2,"0.6",-1,1,2,0,6,1,26976,290004607,26976,377587567,26976,289899163,26976,379368220
256,500,375,-2,"0.6",-1,1,2,0,6,2,26976,289969693,26976,379299040,26976,289899163,26976,379368220
256,500,375,-2,"0.6",-1,1,2,0,7,1,26976,456813545,26976,543115059,26976,456632788,26976,544833498
256,500,375,-2,"0.6",-1,1,2,0,7,2,26976,456851579,26976,544761450,26976,456632788,26976,544833498
256,500,375,-2,"0.6",-1,1,2,0,8,1,26976,620612439,26976,704833158,26976,620545557,26976,706665284
256,500,375,-2,"0.6",-1,1,2,0,8,2,26976,620635510,26976,706575240,26976,620545557,26976,706665284
256,500,375,-2,"0.6",-1,1,2,0,9,1,26976,782433530,26976,864700657,26976,782331263,26976,866525035
256,500,375,-2,"0.6",-1,1,2,0,9,2,26976,782454794,26976,866456723,26976,782331263,26976,866525035
256,500,375,-2,"0.6",-1,1,2,0,10,1,26976,941593935,26977,26771988,26976,941525266,26977,28618656
256,500,375,-2,"0.6",-1,1,2,0,10,2,26976,941615707,26977,28544253,26976,941525266,26977,28618656
256,500,375,-2,"0.6",-1,1,2,1,1,1,26977,126211103,26977,210970635,26977,126100390,26977,211045889
256,500,375,-2,"0.6",-1,1,2,1,1,2,26977,126175344,26977,210352079,26977,126100390,26977,211045889
256,500,375,-2,"0.6",-1,1,2,1,2,1,26977,285887747,26977,367990258,26977,285800296,26977,368669256
256,500,375,-2,"0.6",-1,1,2,1,2,2,26977,285870780,26977,368575303,26977,285800296,26977,368669256
256,500,375,-2,"0.6",-1,1,2,1,3,1,26977,445490925,26977,532836311,26977,445432814,26977,532910183
256,500,375,-2,"0.6",-1,1,2,1,3,2,26977,445496984,26977,532226327,26977,445432814,26977,532910183
256,500,375,-2,"0.6",-1,1,2,1,4,1,26977,608286129,26977,691511803,26977,608186901,26977,692177848
256,500,375,-2,"0.6",-1,1,2,1,4,2,26977,608320093,26977,692111018,26977,608186901,26977,692177848
256,500,375,-2,"0.6",-1,1,2,1,5,1,26977,767290070,26977,850422107,26977,767225199,26977,850494620
256,500,375,-2,"0.6",-1,1,2,1,5,2,26977,767293987,26977,849809402,26977,767225199,26977,850494620
256,500,375,-2,"0.6",-1,1,2,1,6,1,26977,926317517,26978,11011659,26977,926181569,26978,11692806
256,500,375,-2,"0.6",-1,1,2,1,6,2,26977,926272947,26978,11594388,26977,926181569,26978,11692806
256,500,375,-2,"0.6",-1,1,2,1,7,1,26978,83365659,26978,168276078,26978,83196462,26978,168345626
256,500,375,-2,"0.6",-1,1,2,1,7,2,26978,83309326,26978,167688150,26978,83196462,26978,168345626
256,500,375,-2,"0.6",-1,1,2,1,8,1,26978,244847765,26978,331870544,26978,244738824,26978,331941133
256,500,375,-2,"0.6",-1,1,2,1,8,2,26978,244882525,26978,331281576,26978,244738824,26978,331941133
256,500,375,-2,"0.6",-1,1,2,1,9,1,26978,410091436,26978,495082242,26978,410062958,26978,495176005
256,500,375,-2,"0.6",-1,1,2,1,9,2,26978,410113415,26978,494488791,26978,410062958,26978,495176005
256,500,375,-2,"0.6",-1,1,2,1,10,1,26978,568328283,26978,656106317,26978,568151254,26978,656755794
256,500,375,-2,"0.6",-1,1,2,1,10,2,26978,568269167,26978,656692087,26978,568151254,26978,656755794
256,500,375,-2,"0.6",-1,1,2,2,1,1,26978,744114180,26978,910682114,26978,744053796,26978,910751980
256,500,375,-2,"0.6",-1,1,2,2,1,2,26978,744151398,26978,744151533,26978,744053796,26978,910751980
256,500,375,-2,"0.6",-1,1,2,2,2,1,26978,987945417,26979,152797074,26978,987871727,26979,152861678
256,500,375,-2,"0.6",-1,1,2,2,2,2,26978,987979959,26978,987980068,26978,987871727,26979,152861678
256,500,375,-2,"0.6",-1,1,2,2,3,1,26979,227843408,26979,391834468,26979,227808570,26979,391902391
256,500,375,-2,"0.6",-1,1,2,2,3,2,26979,227839148,26979,227839234,26979,227808570,26979,391902391
256,500,375,-2,"0.6",-1,1,2,2,4,1,26979,468548378,26979,633208017,26979,468330369,26979,633273454
256,500,375,-2,"0.6",-1,1,2,2,4,2,26979,468516024,26979,468516131,26979,468330369,26979,633273454
256,500,375,-2,"0.6",-1,1,2,2,5,1,26979,711034481,26979,877717804,26979,710970338,26979,877783399
256,500,375,-2,"0.6",-1,1,2,2,5,2,26979,711061119,26979,711061203,26979,710970338,26979,877783399
256,500,375,-2,"0.6",-1,1,2,2,6,1,26979,961097898,26980,124983134,26979,960990589,26980,125051655
256,500,375,-2,"0.6",-1,1,2,2,6,2,26979,961063786,26979,961063923,26979,960990589,26980,125051655
256,500,375,-2,"0.6",-1,1,2,2,7,1,26980,201951411,26980,366034682,26980,201791358,26980,366099671
256,500,375,-2,"0.6",-1,1,2,2,7,2,26980,201878922,26980,201879040,26980,201791358,26980,366099671
256,500,375,-2,"0.6",-1,1,2,2,8,1,26980,441971722,26980,608509588,26980,441885920,26980,608579524
256,500,375,-2,"0.6",-1,1,2,2,8,2,26980,442019188,26980,442019251,26980,441885920,26980,608579524
256,500,375,-2,"0.6",-1,1,2,2,9,1,26980,688491322,26980,856490952,26980,688353890,26980,856582626
256,500,375,-2,"0.6",-1,1,2,2,9,2,26980,688555743,26980,688555878,26980,688353890,26980,856582626
256,500,375,-2,"0.6",-1,1,2,2,10,1,26980,942049790,26981,109882361,26980,941917555,26981,109954603
256,500,375,-2,"0.6",-1,1,2,2,10,2,26980,942117834,26980,942117946,26980,941917555,26981,109954603
256,500,375,-2,"0.6",-1,1,3,0,1,1,26981,201008968,26981,237719714,26981,200666870,26981,299248024
256,500,375,-2,"0.6",-1,1,3,0,1,2,26981,200943319,26981,299164225,26981,200666870,26981,299248024
256,500,375,-2,"0.6",-1,1,3,0,1,3,26981,201010347,26981,238290701,26981,200666870,26981,299248024
256,500,375,-2,"0.6",-1,1,3,0,2,1,26981,380755441,26981,417590644,26981,380633769,26981,479161549
256,500,375,-2,"0.6",-1,1,3,0,2,2,26981,380803343,26981,479055601,26981,380633769,26981,479161549
256,500,375,-2,"0.6",-1,1,3,0,2,3,26981,380806554,26981,418171306,26981,380633769,26981,479161549
256,500,375,-2,"0.6",-1,1,3,0,3,1,26981,563307619,26981,597871050,26981,563134542,26981,659451023
256,500,375,-2,"0.6",-1,1,3,0,3,2,26981,563308022,26981,659361903,26981,563134542,26981,659451023
256,500,375,-2,"0.6",-1,1,3,0,3,3,26981,563272876,26981,598405321,26981,563134542,26981,659451023
256,500,375,-2,"0.6",-1,1,3,0,4,1,26981,741366837,26981,780647630,26981,741173176,26981,842193540
256,500,375,-2,"0.6",-1,1,3,0,4,2,26981,741318087,26981,842096327,26981,741173176,26981,842193540
256,500,375,-2,"0.6",-1,1,3,0,4,3,26981,741363501,26981,781202581,26981,741173176,26981,842193540
256,500,375,-2,"0.6",-1,1,3,0,5,1,26981,923215406,26981,961035757,26981,922963313,26982,22633790
256,500,375,-2,"0.6",-1,1,3,0,5,2,26981,923212116,26982,22549438,26981,922963313,26982,22633790
256,500,375,-2,"0.6",-1,1,3,0,5,3,26981,923144259,26981,961534724,26981,922963313,26982,22633790
256,500,375,-2,"0.6",-1,1,3,0,6,1,26982,102490825,26982,140138941,26982,102318074,26982,201779155
256,500,375,-2,"0.6",-1,1,3,0,6,2,26982,102549538,26982,201690074,26982,102318074,26982,201779155
256,500,375,-2,"0.6",-1,1,3,0,6,3,26982,102549664,26982,140728617,26982,102318074,26982,201779155
256,500,375,-2,"0.6",-1,1,3,0,7,1,26982,282415482,26982,321354668,26982,282191459,26982,382983238
256,500,375,-2,"0.6",-1,1,3,0,7,2,26982,282486327,26982,382889235,26982,282191459,26982,382983238
256,500,375,-2,"0.6",-1,1,3,0,7,3,26982,282481605,26982,321951323,26982,282191459,26982,382983238
256,500,375,-2,"0.6",-1,1,3,0,8,1,26982,466083112,26982,503057548,26982,465931761,26982,564687759
256,500,375,-2,"0.6",-1,1,3,0,8,2,26982,466111269,26982,564592598,26982,465931761,26982,564687759
256,500,375,-2,"0.6",-1,1,3,0,8,3,26982,466081948,26982,503643067,26982,465931761,26982,564687759
256,500,375,-2,"0.6",-1,1,3,0,9,1,26982,645259209,26982,682124380,26982,645113618,26982,743691192
256,500,375,-2,"0.6",-1,1,3,0,9,2,26982,645260007,26982,743618281,26982,645113618,26982,743691192
256,500,375,-2,"0.6",-1,1,3,0,9,3,26982,645212308,26982,682649898,26982,645113618,26982,743691192
256,500,375,-2,"0.6",-1,1,3,0,10,1,26982,829052805,26982,862525638,26982,828931141,26982,924116507
256,500,375,-2,"0.6",-1,1,3,0,10,2,26982,829057323,26982,924022960,26982,828931141,26982,924116507
256,500,375,-2,"0.6",-1,1,3,0,10,3,26982,829016193,26982,863055851,26982,828931141,26982,924116507
256,500,375,-2,"0.6",-1,1,3,1,1,1,26983,16523451,26983,75248244,26983,16409227,26983,76121350
256,500,375,-2,"0.6",-1,1,3,1,1,2,26983,16591347,26983,74608920,26983,16409227,26983,76121350
256,500,375,-2,"0.6",-1,1,3,1,1,3,26983,16597316,26983,76038505,26983,16409227,26983,76121350
256,500,375,-2,"0.6",-1,1,3,1,2,1,26983,157581302,26983,216911527,26983,157463151,26983,218466699
256,500,375,-2,"0.6",-1,1,3,1,2,2,26983,157625166,26983,218368594,26983,157463151,26983,218466699
256,500,375,-2,"0.6",-1,1,3,1,2,3,26983,157576999,26983,217604713,26983,157463151,26983,218466699
256,500,375,-2,"0.6",-1,1,3,1,3,1,26983,296788925,26983,355787018,26983,296644904,26983,357345835
256,500,375,-2,"0.6",-1,1,3,1,3,2,26983,296761871,26983,356483676,26983,296644904,26983,357345835
256,500,375,-2,"0.6",-1,1,3,1,3,3,26983,296813361,26983,357265360,26983,296644904,26983,357345835
256,500,375,-2,"0.6",-1,1,3,1,4,1,26983,435651336,26983,491852798,26983,435512168,26983,493402982
256,500,375,-2,"0.6",-1,1,3,1,4,2,26983,435681099,26983,493317768,26983,435512168,26983,493402982
256,500,375,-2,"0.6",-1,1,3,1,4,3,26983,435613424,26983,492548526,26983,435512168,26983,493402982
256,500,375,-2,"0.6",-1,1,3,1,5,1,26983,576662107,26983,632408895,26983,576535345,26983,632506226
256,500,375,-2,"0.6",-1,1,3,1,5,2,26983,576595749,26983,631617095,26983,576535345,26983,632506226
256,500,375,-2,"0.6",-1,1,3,1,5,3,26983,576601370,26983,630957794,26983,576535345,26983,632506226
256,500,375,-2,"0.6",-1,1,3,1,6,1,26983,713734189,26983,770409441,26983,713559863,26983,771958574
256,500,375,-2,"0.6",-1,1,3,1,6,2,26983,713712186,26983,771089810,26983,713559863,26983,771958574
256,500,375,-2,"0.6",-1,1,3,1,6,3,26983,713763876,26983,771878519,26983,713559863,26983,771958574
256,500,375,-2,"0.6",-1,1,3,1,7,1,26983,850845849,26983,909940336,26983,850699825,26983,910017632
256,500,375,-2,"0.6",-1,1,3,1,7,2,26983,850822404,26983,908512832,26983,850699825,26983,910017632
256,500,375,-2,"0.6",-1,1,3,1,7,3,26983,850802071,26983,909174203,26983,850699825,26983,910017632
256,500,375,-2,"0.6",-1,1,3,1,8,1,26983,990309942,26984,46696601,26983,990161977,26984,46778028
256,500,375,-2,"0.6",-1,1,3,1,8,2,26983,990281832,26984,45261238,26983,990161977,26984,46778028
256,500,375,-2,"0.6",-1,1,3,1,8,3,26983,990260427,26984,45920054,26983,990161977,26984,46778028
256,500,375,-2,"0.6",-1,1,3,1,9,1,26984,129149058,26984,189304315,26984,129033094,26984,190152102
256,500,375,-2,"0.6",-1,1,3,1,9,2,26984,129175859,26984,188604290,26984,129033094,26984,190152102
256,500,375,-2,"0.6",-1,1,3,1,9,3,26984,129197888,26984,190071999,26984,129033094,26984,190152102
256,500,375,-2,"0.6",-1,1,3,1,10,1,26984,269799594,26984,329100819,26984,269611805,26984,330590963
256,500,375,-2,"0.6",-1,1,3,1,10,2,26984,269865048,26984,330519463,26984,269611805,26984,330590963
256,500,375,-2,"0.6",-1,1,3,1,10,3,26984,269858647,26984,329766485,26984,269611805,26984,330590963
256,500,375,-2,"0.6",-1,1,3,2,1,1,26984,418864048,26984,587041931,26984,418749271,26984,587120160
256,500,375,-2,"0.6",-1,1,3,2,1,2,26984,418870112,26984,418870225,26984,418749271,26984,587120160
256,500,375,-2,"0.6",-1,1,3,2,1,3,26984,418935201,26984,418935313,26984,418749271,26984,587120160
256,500,375,-2,"0.6",-1,1,3,2,2,1,26984,672874229,26984,840695140,26984,672721436,26984,840778179
256,500,375,-2,"0.6",-1,1,3,2,2,2,26984,672826593,26984,672826710,26984,672721436,26984,840778179
256,500,375,-2,"0.6",-1,1,3,2,2,3,26984,672821685,26984,672821936,26984,672721436,26984,840778179
256,500,375,-2,"0.6",-1,1,3,2,3,1,26984,927080811,26985,93485981,26984,926959246,26985,93574472
256,500,375,-2,"0.6",-1,1,3,2,3,2,26984,927142716,26984,927142781,26984,926959246,26985,93574472
256,500,375,-2,"0.6",-1,1,3,2,3,3,26984,927113553,26984,927113623,26984,926959246,26985,93574472
256,500,375,-2,"0.6",-1,1,3,2,4,1,26985,176368972,26985,342621818,26985,176208317,26985,342697664
256,500,375,-2,"0.6",-1,1,3,2,4,2,26985,176428182,26985,176428246,26985,176208317,26985,342697664
256,500,375,-2,"0.6",-1,1,3,2,4,3,26985,176426983,26985,176427048,26985,176208317,26985,342697664
256,500,375,-2,"0.6",-1,1,3,2,5,1,26985,425365063,26985,592345435,26985,425163819,26985,592426158
256,500,375,-2,"0.6",-1,1,3,2,5,2,26985,425336090,26985,425336174,26985,425163819,26985,592426158
256,500,375,-2,"0.6",-1,1,3,2,5,3,26985,425289273,26985,425289342,26985,425163819,26985,592426158
256,500,375,-2,"0.6",-1,1,3,2,6,1,26985,677802531,26985,845381825,26985,677515393,26985,845452512
256,500,375,-2,"0.6",-1,1,3,2,6,2,26985,677810649,26985,677810764,26985,677515393,26985,845452512
256,500,375,-2,"0.6",-1,1,3,2,6,3,26985,677763276,26985,677763399,26985,677515393,26985,845452512
256,500,375,-2,"0.6",-1,1,3,2,7,1,26985,933254299,26986,99159212,26985,933068324,26986,99256771
256,500,375,-2,"0.6",-1,1,3,2,7,2,26985,933258626,26985,933258706,26985,933068324,26986,99256771
256,500,375,-2,"0.6",-1,1,3,2,7,3,26985,933208457,26985,933208527,26985,933068324,26986,99256771
256,500,375,-2,"0.6",-1,1,3,2,8,1,26986,181832935,26986,348509539,26986,181658470,26986,348608953
256,500,375,-2,"0.6",-1,1,3,2,8,2,26986,181829800,26986,181829870,26986,181658470,26986,348608953
256,500,375,-2,"0.6",-1,1,3,2,8,3,26986,181862882,26986,181862946,26986,181658470,26986,348608953
256,500,375,-2,"0.6",-1,1,3,2,9,1,26986,433831412,26986,600231042,26986,433677265,26986,600312630
256,500,375,-2,"0.6",-1,1,3,2,9,2,26986,433902362,26986,433902474,26986,433677265,26986,600312630
256,500,375,-2,"0.6",-1,1,3,2,9,3,26986,433860617,26986,433860729,26986,433677265,26986,600312630
256,500,375,-2,"0.6",-1,1,3,2,10,1,26986,687147025,26986,853889114,26986,686935326,26986,853963364
256,500,375,-2,"0.6",-1,1,3,2,10,2,26986,687077957,26986,687078094,26986,686935326,26986,853963364
256,500,375,-2,"0.6",-1,1,3,2,10,3,26986,687152052,26986,687152185,26986,686935326,26986,853963364
256,500,375,-2,"0.6",-1,1,4,0,1,1,26986,953419743,26986,972830632,26986,953070304,26987,20428988
256,500,375,-2,"0.6",-1,1,4,0,1,2,26986,953413666,26987,18672460,26986,953070304,26987,20428988
256,500,375,-2,"0.6",-1,1,4,0,1,3,26986,953342897,26987,20327500,26986,953070304,26987,20428988
256,500,375,-2,"0.6",-1,1,4,0,1,4,26986,953381341,26986,974668812,26986,953070304,26987,20428988
256,500,375,-2,"0.6",-1,1,4,0,2,1,26987,109427431,26987,127378599,26987,109192584,26987,174952955
256,500,375,-2,"0.6",-1,1,4,0,2,2,26987,109357597,26987,173113171,26987,109192584,26987,174952955
256,500,375,-2,"0.6",-1,1,4,0,2,3,26987,109401319,26987,174872294,26987,109192584,26987,174952955
256,500,375,-2,"0.6",-1,1,4,0,2,4,26987,109431540,26987,129184048,26987,109192584,26987,174952955
256,500,375,-2,"0.6",-1,1,4,0,3,1,26987,264563104,26987,284440175,26987,264357374,26987,331995365
256,500,375,-2,"0.6",-1,1,4,0,3,2,26987,264534195,26987,330257730,26987,264357374,26987,331995365
256,500,375,-2,"0.6",-1,1,4,0,3,3,26987,264510512,26987,331901421,26987,264357374,26987,331995365
256,500,375,-2,"0.6",-1,1,4,0,3,4,26987,264559708,26987,286261719,26987,264357374,26987,331995365
256,500,375,-2,"0.6",-1,1,4,0,4,1,26987,420098721,26987,439209600,26987,419903904,26987,486781509
256,500,375,-2,"0.6",-1,1,4,0,4,2,26987,420094489,26987,485086515,26987,419903904,26987,486781509
256,500,375,-2,"0.6",-1,1,4,0,4,3,26987,420052686,26987,486682920,26987,419903904,26987,486781509
256,500,375,-2,"0.6",-1,1,4,0,4,4,26987,420048704,26987,441011588,26987,419903904,26987,486781509
256,500,375,-2,"0.6",-1,1,4,0,5,1,26987,574622286,26987,594368344,26987,574502468,26987,642027275
256,500,375,-2,"0.6",-1,1,4,0,5,2,26987,574644160,26987,640238259,26987,574502468,26987,642027275
256,500,375,-2,"0.6",-1,1,4,0,5,3,26987,574670963,26987,641941185,26987,574502468,26987,642027275
256,500,375,-2,"0.6",-1,1,4,0,5,4,26987,574643371,26987,596257449,26987,574502468,26987,642027275
256,500,375,-2,"0.6",-1,1,4,0,6,1,26987,730772720,26987,750757618,26987,730547854,26987,798401287
256,500,375,-2,"0.6",-1,1,4,0,6,2,26987,730775998,26987,796607302,26987,730547854,26987,798401287
256,500,375,-2,"0.6",-1,1,4,0,6,3,26987,730772464,26987,798306208,26987,730547854,26987,798401287
256,500,375,-2,"0.6",-1,1,4,0,6,4,26987,730743035,26987,752589132,26987,730547854,26987,798401287
256,500,375,-2,"0.6",-1,1,4,0,7,1,26987,885968909,26987,905699825,26987,885797597,26987,953308607
256,500,375,-2,"0.6",-1,1,4,0,7,2,26987,885972518,26987,951573824,26987,885797597,26987,953308607
256,500,375,-2,"0.6",-1,1,4,0,7,3,26987,885969232,26987,953222476,26987,885797597,26987,953308607
256,500,375,-2,"0.6",-1,1,4,0,7,4,26987,885945397,26987,907548162,26987,885797597,26987,953308607
256,500,375,-2,"0.6",-1,1,4,0,8,1,26988,40715777,26988,62010837,26988,40529367,26988,109669158
256,500,375,-2,"0.6",-1,1,4,0,8,2,26988,40744600,26988,107870897,26988,40529367,26988,109669158
256,500,375,-2,"0.6",-1,1,4,0,8,3,26988,40743675,26988,109562874,26988,40529367,26988,109669158
256,500,375,-2,"0.6",-1,1,4,0,8,4,26988,40693332,26988,63806506,26988,40529367,26988,109669158
256,500,375,-2,"0.6",-1,1,4,0,9,1,26988,201255245,26988,220718933,26988,201085705,26988,268365831
256,500,375,-2,"0.6",-1,1,4,0,9,2,26988,201322028,26988,266641520,26988,201085705,26988,268365831
256,500,375,-2,"0.6",-1,1,4,0,9,3,26988,201293729,26988,268271007,26988,201085705,26988,268365831
256,500,375,-2,"0.6",-1,1,4,0,9,4,26988,201328967,26988,222600768,26988,201085705,26988,268365831
256,500,375,-2,"0.6",-1,1,4,0,10,1,26988,358823253,26988,379335340,26988,358617451,26988,427011366
256,500,375,-2,"0.6",-1,1,4,0,10,2,26988,358860656,26988,425235343,26988,358617451,26988,427011366
256,500,375,-2,"0.6",-1,1,4,0,10,3,26988,358896240,26988,426937438,26988,358617451,26988,427011366
256,500,375,-2,"0.6",-1,1,4,0,10,4,26988,358860589,26988,381217442,26988,358617451,26988,427011366
256,500,375,-2,"0.6",-1,1,4,1,1,1,26988,522387573,26988,568278800,26988,522126685,26988,569188886
256,500,375,-2,"0.6",-1,1,4,1,1,2,26988,522420742,26988,569110974,26988,522126685,26988,569188886
256,500,375,-2,"0.6",-1,1,4,1,1,3,26988,522352871,26988,567466799,26988,522126685,26988,569188886
256,500,375,-2,"0.6",-1,1,4,1,1,4,26988,522425492,26988,567344352,26988,522126685,26988,569188886
256,500,375,-2,"0.6",-1,1,4,1,2,1,26988,654648826,26988,700434399,26988,654478688,26988,701337009
256,500,375,-2,"0.6",-1,1,4,1,2,2,26988,654678283,26988,699551833,26988,654478688,26988,701337009
256,500,375,-2,"0.6",-1,1,4,1,2,3,26988,654647920,26988,701251453,26988,654478688,26988,701337009
256,500,375,-2,"0.6",-1,1,4,1,2,4,26988,654625891,26988,699631803,26988,654478688,26988,701337009
256,500,375,-2,"0.6",-1,1,4,1,3,1,26988,823607920,26988,868663891,26988,823355373,26988,868754929
256,500,375,-2,"0.6",-1,1,4,1,3,2,26988,823577332,26988,867839779,26988,823355373,26988,868754929
256,500,375,-2,"0.6",-1,1,4,1,3,3,26988,823541027,26988,867042039,26988,823355373,26988,868754929
256,500,375,-2,"0.6",-1,1,4,1,3,4,26988,823608996,26988,866929684,26988,823355373,26988,868754929
256,500,375,-2,"0.6",-1,1,4,1,4,1,26988,954540136,26988,998887955,26988,954342009,26989,682686
256,500,375,-2,"0.6",-1,1,4,1,4,2,26988,954509706,26988,999815706,26988,954342009,26989,682686
256,500,375,-2,"0.6",-1,1,4,1,4,3,26988,954536724,26988,998958610,26988,954342009,26989,682686
256,500,375,-2,"0.6",-1,1,4,1,4,4,26988,954487705,26989,631584,26988,954342009,26989,682686
256,500,375,-2,"0.6",-1,1,4,1,5,1,26989,88197820,26989,133560739,26989,88069310,26989,134447033
256,500,375,-2,"0.6",-1,1,4,1,5,2,26989,88220447,26989,132627149,26989,88069310,26989,134447033
256,500,375,-2,"0.6",-1,1,4,1,5,3,26989,88247829,26989,134364623,26989,88069310,26989,134447033
256,500,375,-2,"0.6",-1,1,4,1,5,4,26989,88220644,26989,132746138,26989,88069310,26989,134447033
256,500,375,-2,"0.6",-1,1,4,1,6,1,26989,220335148,26989,262319671,26989,220052448,26989,264048318
256,500,375,-2,"0.6",-1,1,4,1,6,2,26989,220375314,26989,262244862,26989,220052448,26989,264048318
256,500,375,-2,"0.6",-1,1,4,1,6,3,26989,220366946,26989,263979302,26989,220052448,26989,264048318
256,500,375,-2,"0.6",-1,1,4,1,6,4,26989,220370647,26989,263151681,26989,220052448,26989,264048318
256,500,375,-2,"0.6",-1,1,4,1,7,1,26989,350265623,26989,393732910,26989,349963987,26989,395555789
256,500,375,-2,"0.6",-1,1,4,1,7,2,26989,350260451,26989,395457769,26989,349963987,26989,395555789
256,500,375,-2,"0.6",-1,1,4,1,7,3,26989,350229835,26989,394662447,26989,349963987,26989,395555789
256,500,375,-2,"0.6",-1,1,4,1,7,4,26989,350231496,26989,393808676,26989,349963987,26989,395555789
256,500,375,-2,"0.6",-1,1,4,1,8,1,26989,479000142,26989,521739986,26989,478881804,26989,523479697
256,500,375,-2,"0.6",-1,1,4,1,8,2,26989,479036807,26989,521627250,26989,478881804,26989,523479697
256,500,375,-2,"0.6",-1,1,4,1,8,3,26989,479034917,26989,523407118,26989,478881804,26989,523479697
256,500,375,-2,"0.6",-1,1,4,1,8,4,26989,479036633,26989,522628037,26989,478881804,26989,523479697
256,500,375,-2,"0.6",-1,1,4,1,9,1,26989,612297823,26989,655972113,26989,612155668,26989,656047826
256,500,375,-2,"0.6",-1,1,4,1,9,2,26989,612306018,26989,654193964,26989,612155668,26989,656047826
256,500,375,-2,"0.6",-1,1,4,1,9,3,26989,612300248,26989,655126449,26989,612155668,26989,656047826
256,500,375,-2,"0.6",-1,1,4,1,9,4,26989,612272687,26989,654302778,26989,612155668,26989,656047826
256,500,375,-2,"0.6",-1,1,4,1,10,1,26989,750085159,26989,789956075,26989,749888113,26989,791719563
256,500,375,-2,"0.6",-1,1,4,1,10,2,26989,750171822,26989,789918878,26989,749888113,26989,791719563
256,500,375,-2,"0.6",-1,1,4,1,10,3,26989,750160403,26989,791630443,26989,749888113,26989,791719563
256,500,375,-2,"0.6",-1,1,4,1,10,4,26989,750125738,26989,790834362,26989,749888113,26989,791719563
256,500,375,-2,"0.6",-1,1,4,2,1,1,26989,886892706,26990,52569691,26989,886631537,26990,52637408
256,500,375,-2,"0.6",-1,1,4,2,1,2,26989,886857315,26989,886857532,26989,886631537,26990,52637408
256,500,375,-2,"0.6",-1,1,4,2,1,3,26989,886928632,26989,886928767,26989,886631537,26990,52637408
256,500,375,-2,"0.6",-1,1,4,2,1,4,26989,886889582,26989,886889695,26989,886631537,26990,52637408
256,500,375,-2,"0.6",-1,1,4,2,2,1,26990,143590383,26990,310403176,26990,143401228,26990,310489249
256,500,375,-2,"0.6",-1,1,4,2,2,2,26990,143577747,26990,143577826,26990,143401228,26990,310489249
256,500,375,-2,"0.6",-1,1,4,2,2,3,26990,143545032,26990,143545112,26990,143401228,26990,310489249
256,500,375,-2,"0.6",-1,1,4,2,2,4,26990,143523139,26990,143523211,26990,143401228,26990,310489249
256,500,375,-2,"0.6",-1,1,4,2,3,1,26990,398989729,26990,567783533,26990,398798074,26990,567870007
256,500,375,-2,"0.6",-1,1,4,2,3,2,26990,399061670,26990,399061805,26990,398798074,26990,567870007
256,500,375,-2,"0.6",-1,1,4,2,3,3,26990,399056858,26990,399056995,26990,398798074,26990,567870007
256,500,375,-2,"0.6",-1,1,4,2,3,4,26990,399026104,26990,399026269,26990,398798074,26990,567870007
256,500,375,-2,"0.6",-1,1,4,2,4,1,26990,657386368,26990,824355072,26990,657087003,26990,824450678
256,500,375,-2,"0.6",-1,1,4,2,4,2,26990,657288811,26990,657288914,26990,657087003,26990,824450678
256,500,375,-2,"0.6",-1,1,4,2,4,3,26990,657387847,26990,657387950,26990,657087003,26990,824450678
256,500,375,-2,"0.6",-1,1,4,2,4,4,26990,657392032,26990,657392129,26990,657087003,26990,824450678
256,500,375,-2,"0.6",-1,1,4,2,5,1,26990,919673744,26991,81286446,26990,919485870,26991,81391953
256,500,375,-2,"0.6",-1,1,4,2,5,2,26990,919730913,26990,919731007,26990,919485870,26991,81391953
256,500,375,-2,"0.6",-1,1,4,2,5,3,26990,919661688,26990,919661793,26990,919485870,26991,81391953
256,500,375,-2,"0.6",-1,1,4,2,5,4,26990,919701089,26990,919701216,26990,919485870,26991,81391953
256,500,375,-2,"0.6",-1,1,4,2,6,1,26991,171445566,26991,337579120,26991,171231367,26991,337662537
256,500,375,-2,"0.6",-1,1,4,2,6,2,26991,171518483,26991,171518595,26991,171231367,26991,337662537
256,500,375,-2,"0.6",-1,1,4,2,6,3,26991,171508883,26991,171509000,26991,171231367,26991,337662537
256,500,375,-2,"0.6",-1,1,4,2,6,4,26991,171441669,26991,171441897,26991,171231367,26991,337662537
256,500,375,-2,"0.6",-1,1,4,2,7,1,26991,426852182,26991,593950800,26991,426544734,26991,594035604
256,500,375,-2,"0.6",-1,1,4,2,7,2,26991,426813928,26991,426814041,26991,426544734,26991,594035604
256,500,375,-2,"0.6",-1,1,4,2,7,3,26991,426847522,26991,426847642,26991,426544734,26991,594035604
256,500,375,-2,"0.6",-1,1,4,2,7,4,26991,426775629,26991,426775854,26991,426544734,26991,594035604
256,500,375,-2,"0.6",-1,1,4,2,8,1,26991,760274801,26991,927524449,26991,760024905,26991,927628996
256,500,375,-2,"0.6",-1,1,4,2,8,2,26991,760199564,26991,760199650,26991,760024905,26991,927628996
256,500,375,-2,"0.6",-1,1,4,2,8,3,26991,760243721,26991,760243823,26991,760024905,26991,927628996
256,500,375,-2,"0.6",-1,1,4,2,8,4,26991,760268005,26991,760268085,26991,760024905,26991,927628996
256,500,375,-2,"0.6",-1,1,4,2,9,1,26992,37662842,26992,205384202,26992,37417670,26992,205472162
256,500,375,-2,"0.6",-1,1,4,2,9,2,26992,37658145,26992,37658278,26992,37417670,26992,205472162
256,500,375,-2,"0.6",-1,1,4,2,9,3,26992,37627839,26992,37627952,26992,37417670,26992,205472162
256,500,375,-2,"0.6",-1,1,4,2,9,4,26992,37609951,26992,37610161,26992,37417670,26992,205472162
256,500,375,-2,"0.6",-1,1,4,2,10,1,26992,293546708,26992,460607471,26992,293269858,26992,460713470
256,500,375,-2,"0.6",-1,1,4,2,10,2,26992,293582384,26992,293582522,26992,293269858,26992,460713470
256,500,375,-2,"0.6",-1,1,4,2,10,3,26992,293575564,26992,293575685,26992,293269858,26992,460713470
256,500,375,-2,"0.6",-1,1,4,2,10,4,26992,293546970,26992,293547143,26992,293269858,26992,460713470
256,500,375,-2,"0.6",-1,1,5,0,1,1,26992,563029112,26992,577168397,26992,562753754,26992,630445921
256,500,375,-2,"0.6",-1,1,5,0,1,2,26992,563016565,26992,608942282,26992,562753754,26992,630445921
256,500,375,-2,"0.6",-1,1,5,0,1,3,26992,562950202,26992,630355428,26992,562753754,26992,630445921
256,500,375,-2,"0.6",-1,1,5,0,1,4,26992,562946238,26992,609463633,26992,562753754,26992,630445921
256,500,375,-2,"0.6",-1,1,5,0,1,5,26992,562984867,26992,577452114,26992,562753754,26992,630445921
256,500,375,-2,"0.6",-1,1,5,0,2,1,26992,725760119,26992,736784810,26992,725572011,26992,790122902
256,500,375,-2,"0.6",-1,1,5,0,2,2,26992,725796686,26992,772619929,26992,725572011,26992,790122902
256,500,375,-2,"0.6",-1,1,5,0,2,3,26992,725821563,26992,790028503,26992,725572011,26992,790122902
256,500,375,-2,"0.6",-1,1,5,0,2,4,26992,725794751,26992,769092497,26992,725572011,26992,790122902
256,500,375,-2,"0.6",-1,1,5,0,2,5,26992,732056136,26992,741257263,26992,725572011,26992,790122902
256,500,375,-2,"0.6",-1,1,5,0,3,1,26992,887832958,26992,897116240,26992,887508405,26992,950705419
256,500,375,-2,"0.6",-1,1,5,0,3,2,26992,887871142,26992,929270157,26992,887508405,26992,950705419
256,500,375,-2,"0.6",-1,1,5,0,3,3,26992,887834628,26992,950600685,26992,887508405,26992,950705419
256,500,375,-2,"0.6",-1,1,5,0,3,4,26992,887866247,26992,929659820,26992,887508405,26992,950705419
256,500,375,-2,"0.6",-1,1,5,0,3,5,26992,887792640,26992,897415660,26992,887508405,26992,950705419
256,500,375,-2,"0.6",-1,1,5,0,4,1,26993,50501531,26993,60514012,26993,50206260,26993,113799247
256,500,375,-2,"0.6",-1,1,5,0,4,2,26993,50463392,26993,92242141,26993,50206260,26993,113799247
256,500,375,-2,"0.6",-1,1,5,0,4,3,26993,50536694,26993,113692767,26993,50206260,26993,113799247
256,500,375,-2,"0.6",-1,1,5,0,4,4,26993,50536837,26993,92710602,26993,50206260,26993,113799247
256,500,375,-2,"0.6",-1,1,5,0,4,5,26993,50549460,26993,60828535,26993,50206260,26993,113799247
256,500,375,-2,"0.6",-1,1,5,0,5,1,26993,207679406,26993,218173274,26993,207434327,26993,271795988
256,500,375,-2,"0.6",-1,1,5,0,5,2,26993,207679976,26993,249966968,26993,207434327,26993,271795988
256,500,375,-2,"0.6",-1,1,5,0,5,3,26993,208041987,26993,271706011,26993,207434327,26993,271795988
256,500,375,-2,"0.6",-1,1,5,0,5,4,26993,207637574,26993,253347771,26993,207434327,26993,271795988
256,500,375,-2,"0.6",-1,1,5,0,5,5,26993,207705562,26993,218512786,26993,207434327,26993,271795988
256,500,375,-2,"0.6",-1,1,5,0,6,1,26993,368840719,26993,382273421,26993,368588300,26993,435525349
256,500,375,-2,"0.6",-1,1,5,0,6,2,26993,372046939,26993,416107867,26993,368588300,26993,435525349
256,500,375,-2,"0.6",-1,1,5,0,6,3,26993,368840242,26993,435432340,26993,368588300,26993,435525349
256,500,375,-2,"0.6",-1,1,5,0,6,4,26993,368771496,26993,416719456,26993,368588300,26993,435525349
256,500,375,-2,"0.6",-1,1,5,0,6,5,26993,368772007,26993,382530939,26993,368588300,26993,435525349
256,500,375,-2,"0.6",-1,1,5,0,7,1,26993,530427340,26993,541145315,26993,530157981,26993,594406686
256,500,375,-2,"0.6",-1,1,5,0,7,2,26993,530451529,26993,572923890,26993,530157981,26993,594406686
256,500,375,-2,"0.6",-1,1,5,0,7,3,26993,530451217,26993,594315816,26993,530157981,26993,594406686
256,500,375,-2,"0.6",-1,1,5,0,7,4,26993,532042229,26993,574803383,26993,530157981,26993,594406686
256,500,375,-2,"0.6",-1,1,5,0,7,5,26993,530425331,26993,541422925,26993,530157981,26993,594406686
256,500,375,-2,"0.6",-1,1,5,0,8,1,26993,692365121,26993,703446969,26993,692027590,26993,756781392
256,500,375,-2,"0.6",-1,1,5,0,8,2,26993,692362471,26993,735328887,26993,692027590,26993,756781392
256,500,375,-2,"0.6",-1,1,5,0,8,3,26993,692363915,26993,756694647,26993,692027590,26993,756781392
256,500,375,-2,"0.6",-1,1,5,0,8,4,26993,692319807,26993,735674440,26993,692027590,26993,756781392
256,500,375,-2,"0.6",-1,1,5,0,8,5,26993,692398305,26993,703836926,26993,692027590,26993,756781392
256,500,375,-2,"0.6",-1,1,5,0,9,1,26993,854978044,26993,863807789,26993,854618059,26993,917099391
256,500,375,-2,"0.6",-1,1,5,0,9,2,26993,854909617,26993,895552709,26993,854618059,26993,917099391
256,500,375,-2,"0.6",-1,1,5,0,9,3,26993,854944074,26993,917011238,26993,854618059,26993,917099391
256,500,375,-2,"0.6",-1,1,5,0,9,4,26993,854946724,26993,895985698,26993,854618059,26993,917099391
256,500,375,-2,"0.6",-1,1,5,0,9,5,26993,854947162,26993,864095609,26993,854618059,26993,917099391
256,500,375,-2,"0.6",-1,1,5,0,10,1,26994,12541286,26994,21950817,26994,12179252,26994,77616230
256,500,375,-2,"0.6",-1,1,5,0,10,2,26994,12539371,26994,56075010,26994,12179252,26994,77616230
256,500,375,-2,"0.6",-1,1,5,0,10,3,26994,12537429,26994,77525045,26994,12179252,26994,77616230
256,500,375,-2,"0.6",-1,1,5,0,10,4,26994,12457868,26994,56557773,26994,12179252,26994,77616230
256,500,375,-2,"0.6",-1,1,5,0,10,5,26994,12552622,26994,22302698,26994,12179252,26994,77616230
256,500,375,-2,"0.6",-1,1,5,1,1,1,26994,180776261,26994,217522129,26994,180521252,26994,218668584
256,500,375,-2,"0.6",-1,1,5,1,1,2,26994,180855127,26994,217414065,26994,180521252,26994,218668584
256,500,375,-2,"0.6",-1,1,5,1,1,3,26994,180848725,26994,218570305,26994,180521252,26994,218668584
256,500,375,-2,"0.6",-1,1,5,1,1,4,26994,180820086,26994,218150006,26994,180521252,26994,218668584
256,500,375,-2,"0.6",-1,1,5,1,1,5,26994,180819130,26994,217427432,26994,180521252,26994,218668584
256,500,375,-2,"0.6",-1,1,5,1,2,1,26994,310620904,26994,344385897,26994,310411947,26994,345647103
256,500,375,-2,"0.6",-1,1,5,1,2,2,26994,310648067,26994,345213193,26994,310411947,26994,345647103
256,500,375,-2,"0.6",-1,1,5,1,2,3,26994,312061510,26994,344596989,26994,310411947,26994,345647103
256,500,375,-2,"0.6",-1,1,5,1,2,4,26994,310576474,26994,345557445,26994,310411947,26994,345647103
256,500,375,-2,"0.6",-1,1,5,1,2,5,26994,310648421,26994,344413505,26994,310411947,26994,345647103
256,500,375,-2,"0.6",-1,1,5,1,3,1,26994,436904771,26994,471736625,26994,436834784,26994,472984156
256,500,375,-2,"0.6",-1,1,5,1,3,2,26994,436942986,26994,472894307,26994,436834784,26994,472984156
256,500,375,-2,"0.6",-1,1,5,1,3,3,26994,436901792,26994,472790841,26994,436834784,26994,472984156
256,500,375,-2,"0.6",-1,1,5,1,3,4,26994,440013511,26994,471758735,26994,436834784,26994,472984156
256,500,375,-2,"0.6",-1,1,5,1,3,5,26994,436900920,26994,471938316,26994,436834784,26994,472984156
256,500,375,-2,"0.6",-1,1,5,1,4,1,26994,564656852,26994,601007104,26994,564371269,26994,601518957
256,500,375,-2,"0.6",-1,1,5,1,4,2,26994,564587573,26994,600451801,26994,564371269,26994,601518957
256,500,375,-2,"0.6",-1,1,5,1,4,3,26994,564637013,26994,600248060,26994,564371269,26994,601518957
256,500,375,-2,"0.6",-1,1,5,1,4,4,26994,564657155,26994,600257073,26994,564371269,26994,601518957
256,500,375,-2,"0.6",-1,1,5,1,4,5,26994,568014487,26994,601424731,26994,564371269,26994,601518957
256,500,375,-2,"0.6",-1,1,5,1,5,1,26994,696097365,26994,732740439,26994,695840157,26994,733949615
256,500,375,-2,"0.6",-1,1,5,1,5,2,26994,696065967,26994,732712656,26994,695840157,26994,733949615
256,500,375,-2,"0.6",-1,1,5,1,5,3,26994,696064135,26994,733858965,26994,695840157,26994,733949615
256,500,375,-2,"0.6",-1,1,5,1,5,4,26994,696044849,26994,732851156,26994,695840157,26994,733949615
256,500,375,-2,"0.6",-1,1,5,1,5,5,26994,696046368,26994,733502303,26994,695840157,26994,733949615
256,500,375,-2,"0.6",-1,1,5,1,6,1,26994,822551790,26994,858746495,26994,822286304,26994,859800901
256,500,375,-2,"0.6",-1,1,5,1,6,2,26994,824072254,26994,859387257,26994,822286304,26994,859800901
256,500,375,-2,"0.6",-1,1,5,1,6,3,26994,822581796,26994,859743601,26994,822286304,26994,859800901
256,500,375,-2,"0.6",-1,1,5,1,6,4,26994,822581407,26994,858582224,26994,822286304,26994,859800901
256,500,375,-2,"0.6",-1,1,5,1,6,5,26994,822519688,26994,858581683,26994,822286304,26994,859800901
256,500,375,-2,"0.6",-1,1,5,1,7,1,26994,951110329,26994,992999490,26994,950859523,26994,994082358
256,500,375,-2,"0.6",-1,1,5,1,7,2,26994,951141963,26994,993012573,26994,950859523,26994,994082358
256,500,375,-2,"0.6",-1,1,5,1,7,3,26994,952073230,26994,994010020,26994,950859523,26994,994082358
256,500,375,-2,"0.6",-1,1,5,1,7,4,26994,951076930,26994,993480590,26994,950859523,26994,994082358
256,500,375,-2,"0.6",-1,1,5,1,7,5,26994,951108081,26994,993054525,26994,950859523,26994,994082358
256,500,375,-2,"0.6",-1,1,5,1,8,1,26995,85961489,26995,121014780,26995,85638423,26995,122279936
256,500,375,-2,"0.6",-1,1,5,1,8,2,26995,85900262,26995,121738540,26995,85638423,26995,122279936
256,500,375,-2,"0.6",-1,1,5,1,8,3,26995,85929747,26995,120987908,26995,85638423,26995,122279936
256,500,375,-2,"0.6",-1,1,5,1,8,4,26995,85895822,26995,121125051,26995,85638423,26995,122279936
256,500,375,-2,"0.6",-1,1,5,1,8,5,26995,85929089,26995,122182348,26995,85638423,26995,122279936
256,500,375,-2,"0.6",-1,1,5,1,9,1,26995,220017620,26995,254886051,26995,217876107,26995,255581930
256,500,375,-2,"0.6",-1,1,5,1,9,2,26995,218191121,26995,254492236,26995,217876107,26995,255581930
256,500,375,-2,"0.6",-1,1,5,1,9,3,26995,218132021,26995,254381220,26995,217876107,26995,255581930
256,500,375,-2,"0.6",-1,1,5,1,9,4,26995,218128502,26995,255515772,26995,217876107,26995,255581930
256,500,375,-2,"0.6",-1,1,5,1,9,5,26995,218158956,26995,254389323,26995,217876107,26995,255581930
256,500,375,-2,"0.6",-1,1,5,1,10,1,26995,349196841,26995,386717700,26995,348975504,26995,387884371
256,500,375,-2,"0.6",-1,1,5,1,10,2,26995,349230458,26995,386678329,26995,348975504,26995,387884371
256,500,375,-2,"0.6",-1,1,5,1,10,3,26995,349230800,26995,386818073,26995,348975504,26995,387884371
256,500,375,-2,"0.6",-1,1,5,1,10,4,26995,349230299,26995,387144837,26995,348975504,26995,387884371
256,500,375,-2,"0.6",-1,1,5,1,10,5,26995,352018977,26995,387790586,26995,348975504,26995,387884371
256,500,375,-2,"0.6",-1,1,5,2,1,1,26995,492783431,26995,660870744,26995,492500133,26995,660974390
256,500,375,-2,"0.6",-1,1,5,2,1,2,26995,492819353,26995,492819478,26995,492500133,26995,660974390
256,500,375,-2,"0.6",-1,1,5,2,1,3,26995,492844880,26995,492845026,26995,492500133,26995,660974390
256,500,375,-2,"0.6",-1,1,5,2,1,4,26995,492845776,26995,492845879,26995,492500133,26995,660974390
256,500,375,-2,"0.6",-1,1,5,2,1,5,26995,492780064,26995,492780190,26995,492500133,26995,660974390
256,500,375,-2,"0.6",-1,1,5,2,2,1,26995,757312826,26995,923362079,26995,757036510,26995,923452459
256,500,375,-2,"0.6",-1,1,5,2,2,2,26995,757281264,26995,757281439,26995,757036510,26995,923452459
256,500,375,-2,"0.6",-1,1,5,2,2,3,26995,757350642,26995,757350775,26995,757036510,26995,923452459
256,500,375,-2,"0.6",-1,1,5,2,2,4,26995,757313046,26995,757313219,26995,757036510,26995,923452459
256,500,375,-2,"0.6",-1,1,5,2,2,5,26995,757344383,26995,757344519,26995,757036510,26995,923452459
256,500,375,-2,"0.6",-1,1,5,2,3,1,26996,21581830,26996,188325605,26996,21322740,26996,188405485
256,500,375,-2,"0.6",-1,1,5,2,3,2,26996,21552602,26996,21552682,26996,21322740,26996,188405485
256,500,375,-2,"0.6",-1,1,5,2,3,3,26996,21555861,26996,21555890,26996,21322740,26996,188405485
256,500,375,-2,"0.6",-1,1,5,2,3,4,26996,21528759,26996,21528918,26996,21322740,26996,188405485
256,500,375,-2,"0.6",-1,1,5,2,3,5,26996,21578411,26996,21578491,26996,21322740,26996,188405485
256,500,375,-2,"0.6",-1,1,5,2,4,1,26996,287214102,26996,454174571,26996,286838106,26996,454272575
256,500,375,-2,"0.6",-1,1,5,2,4,2,26996,287177522,26996,287177639,26996,286838106,26996,454272575
256,500,375,-2,"0.6",-1,1,5,2,4,3,26996,287246737,26996,287246858,26996,286838106,26996,454272575
256,500,375,-2,"0.6",-1,1,5,2,4,4,26996,287212345,26996,287212503,26996,286838106,26996,454272575
256,500,375,-2,"0.6",-1,1,5,2,4,5,26996,287251745,26996,287251858,26996,286838106,26996,454272575
256,500,375,-2,"0.6",-1,1,5,2,5,1,26996,551411857,26996,717907702,26996,551235057,26996,718001705
256,500,375,-2,"0.6",-1,1,5,2,5,2,26996,551368164,26996,551368246,26996,551235057,26996,718001705
256,500,375,-2,"0.6",-1,1,5,2,5,3,26996,551365946,26996,551366115,26996,551235057,26996,718001705
256,500,375,-2,"0.6",-1,1,5,2,5,4,26996,551412076,26996,551412162,26996,551235057,26996,718001705
256,500,375,-2,"0.6",-1,1,5,2,5,5,26996,551370807,26996,551370835,26996,551235057,26996,718001705
256,500,375,-2,"0.6",-1,1,5,2,6,1,26996,821431455,26996,989739043,26996,821105208,26996,989840836
256,500,375,-2,"0.6",-1,1,5,2,6,2,26996,821501347,26996,821501479,26996,821105208,26996,989840836
256,500,375,-2,"0.6",-1,1,5,2,6,3,26996,821506634,26996,821506770,26996,821105208,26996,989840836
256,500,375,-2,"0.6",-1,1,5,2,6,4,26996,821466051,26996,821466163,26996,821105208,26996,989840836
256,500,375,-2,"0.6",-1,1,5,2,6,5,26996,821501234,26996,821501367,26996,821105208,26996,989840836
256,500,375,-2,"0.6",-1,1,5,2,7,1,26997,90712545,26997,258499925,26997,90407597,26997,258601912
256,500,375,-2,"0.6",-1,1,5,2,7,2,26997,90713820,26997,90713983,26997,90407597,26997,258601912
256,500,375,-2,"0.6",-1,1,5,2,7,3,26997,90752782,26997,90752917,26997,90407597,26997,258601912
256,500,375,-2,"0.6",-1,1,5,2,7,4,26997,90718092,26997,90718212,26997,90407597,26997,258601912
256,500,375,-2,"0.6",-1,1,5,2,7,5,26997,90669580,26997,90669711,26997,90407597,26997,258601912
256,500,375,-2,"0.6",-1,1,5,2,8,1,26997,360834550,26997,527487329,26997,360523495,26997,527585696
256,500,375,-2,"0.6",-1,1,5,2,8,2,26997,360873292,26997,360873425,26997,360523495,26997,527585696
256,500,375,-2,"0.6",-1,1,5,2,8,3,26997,360835030,26997,360835143,26997,360523495,26997,527585696
256,500,375,-2,"0.6",-1,1,5,2,8,4,26997,360797600,26997,360797735,26997,360523495,26997,527585696
256,500,375,-2,"0.6",-1,1,5,2,8,5,26997,360835458,26997,360835614,26997,360523495,26997,527585696
256,500,375,-2,"0.6",-1,1,5,2,9,1,26997,623507634,26997,788490915,26997,623250955,26997,788585006
256,500,375,-2,"0.6",-1,1,5,2,9,2,26997,623476783,26997,623476931,26997,623250955,26997,788585006
256,500,375,-2,"0.6",-1,1,5,2,9,3,26997,623474871,26997,623475069,26997,623250955,26997,788585006
256,500,375,-2,"0.6",-1,1,5,2,9,4,26997,623480056,26997,623480120,26997,623250955,26997,788585006
256,500,375,-2,"0.6",-1,1,5,2,9,5,26997,623513240,26997,623513360,26997,623250955,26997,788585006
256,500,375,-2,"0.6",-1,1,5,2,10,1,26997,887516451,26998,55832812,26997,887323242,26998,55928821
256,500,375,-2,"0.6",-1,1,5,2,10,2,26997,887548607,26997,887548682,26997,887323242,26998,55928821
256,500,375,-2,"0.6",-1,1,5,2,10,3,26997,887516722,26997,887516843,26997,887323242,26998,55928821
256,500,375,-2,"0.6",-1,1,5,2,10,4,26997,887518951,26997,887518996,26997,887323242,26998,55928821
256,500,375,-2,"0.6",-1,1,5,2,10,5,26997,887516100,26997,887516181,26997,887323242,26998,55928821
256,500,375,-2,"0.6",-1,1,6,0,1,1,26998,158845642,26998,167579514,26998,158568730,26998,211289498
256,500,375,-2,"0.6",-1,1,6,0,1,2,26998,158883158,26998,189054966,26998,158568730,26998,211289498
256,500,375,-2,"0.6",-1,1,6,0,1,3,26998,158878363,26998,208816241,26998,158568730,26998,211289498
256,500,375,-2,"0.6",-1,1,6,0,1,4,26998,158814723,26998,211188747,26998,158568730,26998,211289498
256,500,375,-2,"0.6",-1,1,6,0,1,5,26998,158817653,26998,190896642,26998,158568730,26998,211289498
256,500,375,-2,"0.6",-1,1,6,0,1,6,26998,158816229,26998,167302404,26998,158568730,26998,211289498
256,500,375,-2,"0.6",-1,1,6,0,2,1,26998,313846740,26998,320896484,26998,313418018,26998,362891239
256,500,375,-2,"0.6",-1,1,6,0,2,2,26998,313879393,26998,341882947,26998,313418018,26998,362891239
256,500,375,-2,"0.6",-1,1,6,0,2,3,26998,313847818,26998,361624128,26998,313418018,26998,362891239
256,500,375,-2,"0.6",-1,1,6,0,2,4,26998,313814092,26998,362791383,26998,313418018,26998,362891239
256,500,375,-2,"0.6",-1,1,6,0,2,5,26998,313876838,26998,343836667,26998,313418018,26998,362891239
256,500,375,-2,"0.6",-1,1,6,0,2,6,26998,313879235,26998,321412611,26998,313418018,26998,362891239
256,500,375,-2,"0.6",-1,1,6,0,3,1,26998,464990762,26998,473000265,26998,464747805,26998,519546160
256,500,375,-2,"0.6",-1,1,6,0,3,2,26998,468060905,26998,498061936,26998,464747805,26998,519546160
256,500,375,-2,"0.6",-1,1,6,0,3,3,26998,468016835,26998,517834661,26998,464747805,26998,519546160
256,500,375,-2,"0.6",-1,1,6,0,3,4,26998,464990768,26998,519454437,26998,464747805,26998,519546160
256,500,375,-2,"0.6",-1,1,6,0,3,5,26998,465014473,26998,497343384,26998,464747805,26998,519546160
256,500,375,-2,"0.6",-1,1,6,0,3,6,26998,464947958,26998,475741678,26998,464747805,26998,519546160
256,500,375,-2,"0.6",-1,1,6,0,4,1,26998,625514367,26998,632506834,26998,625164709,26998,674388108
256,500,375,-2,"0.6",-1,1,6,0,4,2,26998,625513709,26998,653299711,26998,625164709,26998,674388108
256,500,375,-2,"0.6",-1,1,6,0,4,3,26998,625476639,26998,673076720,26998,625164709,26998,674388108
256,500,375,-2,"0.6",-1,1,6,0,4,4,26998,625544408,26998,674287108,26998,625164709,26998,674388108
256,500,375,-2,"0.6",-1,1,6,0,4,5,26998,628051846,26998,656661130,26998,625164709,26998,674388108
256,500,375,-2,"0.6",-1,1,6,0,4,6,26998,625513942,26998,632990869,26998,625164709,26998,674388108
256,500,375,-2,"0.6",-1,1,6,0,5,1,26998,775027519,26998,782495990,26998,774710897,26998,832059662
256,500,375,-2,"0.6",-1,1,6,0,5,2,26998,775002192,26998,805732600,26998,774710897,26998,832059662
256,500,375,-2,"0.6",-1,1,6,0,5,3,26998,776045264,26998,831975511,26998,774710897,26998,832059662
256,500,375,-2,"0.6",-1,1,6,0,5,4,26998,774951704,26998,826679517,26998,774710897,26998,832059662
256,500,375,-2,"0.6",-1,1,6,0,5,5,26998,775000408,26998,805216187,26998,774710897,26998,832059662
256,500,375,-2,"0.6",-1,1,6,0,5,6,26998,776012155,26998,787970084,26998,774710897,26998,832059662
256,500,375,-2,"0.6",-1,1,6,0,6,1,26998,938449133,26998,945559727,26998,938180388,26998,995407645
256,500,375,-2,"0.6",-1,1,6,0,6,2,26998,940012681,26998,973254588,26998,938180388,26998,995407645
256,500,375,-2,"0.6",-1,1,6,0,6,3,26998,940059900,26998,995318622,26998,938180388,26998,995407645
256,500,375,-2,"0.6",-1,1,6,0,6,4,26998,938402699,26998,987739475,26998,938180388,26998,995407645
256,500,375,-2,"0.6",-1,1,6,0,6,5,26998,938422451,26998,976059831,26998,938180388,26998,995407645
256,500,375,-2,"0.6",-1,1,6,0,6,6,26998,938422514,26998,953038297,26998,938180388,26998,995407645
256,500,375,-2,"0.6",-1,1,6,0,7,1,26999,97401433,26999,105612447,26999,97264069,26999,153471627
256,500,375,-2,"0.6",-1,1,6,0,7,2,26999,100014986,26999,136397856,26999,97264069,26999,153471627
256,500,375,-2,"0.6",-1,1,6,0,7,3,26999,97423996,26999,146197459,26999,97264069,26999,153471627
256,500,375,-2,"0.6",-1,1,6,0,7,4,26999,97423038,26999,153371586,26999,97264069,26999,153471627
256,500,375,-2,"0.6",-1,1,6,0,7,5,26999,97423077,26999,134691510,26999,97264069,26999,153471627
256,500,375,-2,"0.6",-1,1,6,0,7,6,26999,100067745,26999,120133900,26999,97264069,26999,153471627
256,500,375,-2,"0.6",-1,1,6,0,8,1,26999,252630725,26999,258493168,26999,252344192,26999,300364686
256,500,375,-2,"0.6",-1,1,6,0,8,2,26999,252629876,26999,279311521,26999,252344192,26999,300364686
256,500,375,-2,"0.6",-1,1,6,0,8,3,26999,252633458,26999,299080837,26999,252344192,26999,300364686
256,500,375,-2,"0.6",-1,1,6,0,8,4,26999,252583737,26999,300266647,26999,252344192,26999,300364686
256,500,375,-2,"0.6",-1,1,6,0,8,5,26999,252610174,26999,281136261,26999,252344192,26999,300364686
256,500,375,-2,"0.6",-1,1,6,0,8,6,26999,256236523,26999,262555502,26999,252344192,26999,300364686
256,500,375,-2,"0.6",-1,1,6,0,9,1,26999,404592035,26999,411959100,26999,404286584,26999,454817185
256,500,375,-2,"0.6",-1,1,6,0,9,2,26999,404526651,26999,432942550,26999,404286584,26999,454817185
256,500,375,-2,"0.6",-1,1,6,0,9,3,26999,408043288,26999,454704446,26999,404286584,26999,454817185
256,500,375,-2,"0.6",-1,1,6,0,9,4,26999,404589628,26999,453947215,26999,404286584,26999,454817185
256,500,375,-2,"0.6",-1,1,6,0,9,5,26999,404561033,26999,434830364,26999,404286584,26999,454817185
256,500,375,-2,"0.6",-1,1,6,0,9,6,26999,404559855,26999,412445599,26999,404286584,26999,454817185
256,500,375,-2,"0.6",-1,1,6,0,10,1,26999,552842934,26999,561571427,26999,552450245,26999,603348909
256,500,375,-2,"0.6",-1,1,6,0,10,2,26999,552841228,26999,582385266,26999,552450245,26999,603348909
256,500,375,-2,"0.6",-1,1,6,0,10,3,26999,552780121,26999,602082505,26999,552450245,26999,603348909
256,500,375,-2,"0.6",-1,1,6,0,10,4,26999,552781919,26999,603244662,26999,552450245,26999,603348909
256,500,375,-2,"0.6",-1,1,6,0,10,5,26999,552816214,26999,586527907,26999,552450245,26999,603348909
256,500,375,-2,"0.6",-1,1,6,0,10,6,26999,556075368,26999,568135994,26999,552450245,26999,603348909
256,500,375,-2,"0.6",-1,1,6,1,1,1,26999,718314843,26999,748908305,26999,717932238,26999,748977004
256,500,375,-2,"0.6",-1,1,6,1,1,2,26999,718283246,26999,748697801,26999,717932238,26999,748977004
256,500,375,-2,"0.6",-1,1,6,1,1,3,26999,718249526,26999,747393815,26999,717932238,26999,748977004
256,500,375,-2,"0.6",-1,1,6,1,1,4,26999,718281369,26999,747403369,26999,717932238,26999,748977004
256,500,375,-2,"0.6",-1,1,6,1,1,5,26999,720117313,26999,748373569,26999,717932238,26999,748977004
256,500,375,-2,"0.6",-1,1,6,1,1,6,26999,718280878,26999,748792120,26999,717932238,26999,748977004
256,500,375,-2,"0.6",-1,1,6,1,2,1,26999,853543291,26999,884196282,26999,852968983,26999,884490520
256,500,375,-2,"0.6",-1,1,6,1,2,2,26999,856074438,26999,882999757,26999,852968983,26999,884490520
256,500,375,-2,"0.6",-1,1,6,1,2,3,26999,853540411,26999,884075878,26999,852968983,26999,884490520
256,500,375,-2,"0.6",-1,1,6,1,2,4,26999,853471380,26999,883114289,26999,852968983,26999,884490520
256,500,375,-2,"0.6",-1,1,6,1,2,5,26999,853541747,26999,884136667,26999,852968983,26999,884490520
256,500,375,-2,"0.6",-1,1,6,1,2,6,26999,853542333,26999,884420186,26999,852968983,26999,884490520
256,500,375,-2,"0.6",-1,1,6,1,3,1,26999,992055729,27000,19191327,26999,985319452,27000,19709166
256,500,375,-2,"0.6",-1,1,6,1,3,2,26999,988044298,27000,18261316,26999,985319452,27000,19709166
256,500,375,-2,"0.6",-1,1,6,1,3,3,26999,985589575,27000,18207175,26999,985319452,27000,19709166
256,500,375,-2,"0.6",-1,1,6,1,3,4,26999,985589087,27000,19699258,26999,985319452,27000,19709166
256,500,375,-2,"0.6",-1,1,6,1,3,5,26999,985588305,27000,19418728,26999,985319452,27000,19709166
256,500,375,-2,"0.6",-1,1,6,1,3,6,26999,985554376,27000,19526465,26999,985319452,27000,19709166
256,500,375,-2,"0.6",-1,1,6,1,4,1,27000,117517582,27000,144919123,27000,117263630,27000,146378081
256,500,375,-2,"0.6",-1,1,6,1,4,2,27000,120043587,27000,144950286,27000,117263630,27000,146378081
256,500,375,-2,"0.6",-1,1,6,1,4,3,27000,120083950,27000,146277085,27000,117263630,27000,146378081
256,500,375,-2,"0.6",-1,1,6,1,4,4,27000,117559423,27000,146219507,27000,117263630,27000,146378081
256,500,375,-2,"0.6",-1,1,6,1,4,5,27000,117583030,27000,146367634,27000,117263630,27000,146378081
256,500,375,-2,"0.6",-1,1,6,1,4,6,27000,117559432,27000,145894263,27000,117263630,27000,146378081
256,500,375,-2,"0.6",-1,1,6,1,5,1,27000,252046750,27000,280883552,27000,248722687,27000,280893884
256,500,375,-2,"0.6",-1,1,6,1,5,2,27000,252059103,27000,280456141,27000,248722687,27000,280893884
256,500,375,-2,"0.6",-1,1,6,1,5,3,27000,248997981,27000,280241362,27000,248722687,27000,280893884
256,500,375,-2,"0.6",-1,1,6,1,5,4,27000,249023753,27000,280620866,27000,248722687,27000,280893884
256,500,375,-2,"0.6",-1,1,6,1,5,5,27000,248973329,27000,279276489,27000,248722687,27000,280893884
256,500,375,-2,"0.6",-1,1,6,1,5,6,27000,249021539,27000,279356814,27000,248722687,27000,280893884
256,500,375,-2,"0.6",-1,1,6,1,6,1,27000,375942183,27000,405377438,27000,375602279,27000,406759589
256,500,375,-2,"0.6",-1,1,6,1,6,2,27000,375942556,27000,406462278,27000,375602279,27000,406759589
256,500,375,-2,"0.6",-1,1,6,1,6,3,27000,375883441,27000,406518822,27000,375602279,27000,406759589
256,500,375,-2,"0.6",-1,1,6,1,6,4,27000,375885996,27000,406663719,27000,375602279,27000,406759589
256,500,375,-2,"0.6",-1,1,6,1,6,5,27000,375917093,27000,406318958,27000,375602279,27000,406759589
256,500,375,-2,"0.6",-1,1,6,1,6,6,27000,384095447,27000,405252654,27000,375602279,27000,406759589
256,500,375,-2,"0.6",-1,1,6,1,7,1,27000,507765682,27000,537330011,27000,507435080,27000,538084203
256,500,375,-2,"0.6",-1,1,6,1,7,2,27000,507789919,27000,536366744,27000,507435080,27000,538084203
256,500,375,-2,"0.6",-1,1,6,1,7,3,27000,507824288,27000,537993899,27000,507435080,27000,538084203
256,500,375,-2,"0.6",-1,1,6,1,7,4,27000,507797056,27000,536268952,27000,507435080,27000,538084203
256,500,375,-2,"0.6",-1,1,6,1,7,5,27000,507795679,27000,537713581,27000,507435080,27000,538084203
256,500,375,-2,"0.6",-1,1,6,1,7,6,27000,508019958,27000,537699804,27000,507435080,27000,538084203
256,500,375,-2,"0.6",-1,1,6,1,8,1,27000,635521413,27000,663534891,27000,635306187,27000,665117859
256,500,375,-2,"0.6",-1,1,6,1,8,2,27000,636012936,27000,664578015,27000,635306187,27000,665117859
256,500,375,-2,"0.6",-1,1,6,1,8,3,27000,635556480,27000,665028887,27000,635306187,27000,665117859
256,500,375,-2,"0.6",-1,1,6,1,8,4,27000,637349222,27000,664847850,27000,635306187,27000,665117859
256,500,375,-2,"0.6",-1,1,6,1,8,5,27000,635585209,27000,663574149,27000,635306187,27000,665117859
256,500,375,-2,"0.6",-1,1,6,1,8,6,27000,635557296,27000,664875539,27000,635306187,27000,665117859
256,500,375,-2,"0.6",-1,1,6,1,9,1,27000,760170982,27000,790163414,27000,759856276,27000,790856439
256,500,375,-2,"0.6",-1,1,6,1,9,2,27000,760167824,27000,790800800,27000,759856276,27000,790856439
256,500,375,-2,"0.6",-1,1,6,1,9,3,27000,760172687,27000,789147459,27000,759856276,27000,790856439
256,500,375,-2,"0.6",-1,1,6,1,9,4,27000,764053854,27000,789203213,27000,759856276,27000,790856439
256,500,375,-2,"0.6",-1,1,6,1,9,5,27000,760171311,27000,790418578,27000,759856276,27000,790856439
256,500,375,-2,"0.6",-1,1,6,1,9,6,27000,760211728,27000,790472643,27000,759856276,27000,790856439
256,500,375,-2,"0.6",-1,1,6,1,10,1,27000,888881205,27000,918037364,27000,884820031,27000,918621199
256,500,375,-2,"0.6",-1,1,6,1,10,2,27000,885024492,27000,917040820,27000,884820031,27000,918621199
256,500,375,-2,"0.6",-1,1,6,1,10,3,27000,885023798,27000,918545992,27000,884820031,27000,918621199
256,500,375,-2,"0.6",-1,1,6,1,10,4,27000,888018013,27000,918368102,27000,884820031,27000,918621199
256,500,375,-2,"0.6",-1,1,6,1,10,5,27000,885002674,27000,918318642,27000,884820031,27000,918621199
256,500,375,-2,"0.6",-1,1,6,1,10,6,27000,885005019,27000,917007554,27000,884820031,27000,918621199
256,500,375,-2,"0.6",-1,1,6,2,1,1,27001,24914045,27001,192726988,27001,24556673,27001,192738978
256,500,375,-2,"0.6",-1,1,6,2,1,2,27001,24838798,27001,24838916,27001,24556673,27001,192738978
256,500,375,-2,"0.6",-1,1,6,2,1,3,27001,24914275,27001,24914388,27001,24556673,27001,192738978
256,500,375,-2,"0.6",-1,1,6,2,1,4,27001,24924118,27001,24924230,27001,24556673,27001,192738978
256,500,375,-2,"0.6",-1,1,6,2,1,5,27001,24843002,27001,24843168,27001,24556673,27001,192738978
256,500,375,-2,"0.6",-1,1,6,2,1,6,27001,24846714,27001,24846789,27001,24556673,27001,192738978
256,500,375,-2,"0.6",-1,1,6,2,2,1,27001,300046550,27001,468242521,27001,299817869,27001,468335701
256,500,375,-2,"0.6",-1,1,6,2,2,2,27001,304062975,27001,304063017,27001,299817869,27001,468335701
256,500,375,-2,"0.6",-1,1,6,2,2,3,27001,304058813,27001,304058861,27001,299817869,27001,468335701
256,500,375,-2,"0.6",-1,1,6,2,2,4,27001,304057219,27001,304057307,27001,299817869,27001,468335701
256,500,375,-2,"0.6",-1,1,6,2,2,5,27001,304054814,27001,304054919,27001,299817869,27001,468335701
256,500,375,-2,"0.6",-1,1,6,2,2,6,27001,304059449,27001,304059566,27001,299817869,27001,468335701
256,500,375,-2,"0.6",-1,1,6,2,3,1,27001,581498388,27001,747470957,27001,581130523,27001,747563253
256,500,375,-2,"0.6",-1,1,6,2,3,2,27001,581528742,27001,581528889,27001,581130523,27001,747563253
256,500,375,-2,"0.6",-1,1,6,2,3,3,27001,581561505,27001,581561618,27001,581130523,27001,747563253
256,500,375,-2,"0.6",-1,1,6,2,3,4,27001,581567964,27001,581568077,27001,581130523,27001,747563253
256,500,375,-2,"0.6",-1,1,6,2,3,5,27001,581531282,27001,581531394,27001,581130523,27001,747563253
256,500,375,-2,"0.6",-1,1,6,2,3,6,27001,581531559,27001,581531672,27001,581130523,27001,747563253
256,500,375,-2,"0.6",-1,1,6,2,4,1,27001,922303732,27002,91173158,27001,922014777,27002,91262866
256,500,375,-2,"0.6",-1,1,6,2,4,2,27001,922238112,27001,922238232,27001,922014777,27002,91262866
256,500,375,-2,"0.6",-1,1,6,2,4,3,27001,922246523,27001,922246583,27001,922014777,27002,91262866
256,500,375,-2,"0.6",-1,1,6,2,4,4,27001,922308592,27001,922308724,27001,922014777,27002,91262866
256,500,375,-2,"0.6",-1,1,6,2,4,5,27001,922269892,27001,922270005,27001,922014777,27002,91262866
256,500,375,-2,"0.6",-1,1,6,2,4,6,27001,922242559,27001,922242672,27001,922014777,27002,91262866
256,500,375,-2,"0.6",-1,1,6,2,5,1,27002,200425287,27002,366696706,27002,199988709,27002,366800785
256,500,375,-2,"0.6",-1,1,6,2,5,2,27002,200493088,27002,200493209,27002,199988709,27002,366800785
256,500,375,-2,"0.6",-1,1,6,2,5,3,27002,200461183,27002,200461296,27002,199988709,27002,366800785
256,500,375,-2,"0.6",-1,1,6,2,5,4,27002,200461364,27002,200461484,27002,199988709,27002,366800785
256,500,375,-2,"0.6",-1,1,6,2,5,5,27002,200503016,27002,200503129,27002,199988709,27002,366800785
256,500,375,-2,"0.6",-1,1,6,2,5,6,27002,200465122,27002,200465175,27002,199988709,27002,366800785
256,500,375,-2,"0.6",-1,1,6,2,6,1,27002,469568153,27002,634744772,27002,469323245,27002,634847947
256,500,375,-2,"0.6",-1,1,6,2,6,2,27002,469642231,27002,469642296,27002,469323245,27002,634847947
256,500,375,-2,"0.6",-1,1,6,2,6,3,27002,469648781,27002,469648807,27002,469323245,27002,634847947
256,500,375,-2,"0.6",-1,1,6,2,6,4,27002,469566194,27002,469566353,27002,469323245,27002,634847947
256,500,375,-2,"0.6",-1,1,6,2,6,5,27002,469641917,27002,469641982,27002,469323245,27002,634847947
256,500,375,-2,"0.6",-1,1,6,2,6,6,27002,469614459,27002,469614524,27002,469323245,27002,634847947
256,500,375,-2,"0.6",-1,1,6,2,7,1,27002,740843796,27002,908592395,27002,740459148,27002,908684712
256,500,375,-2,"0.6",-1,1,6,2,7,2,27002,740811990,27002,740812140,27002,740459148,27002,908684712
256,500,375,-2,"0.6",-1,1,6,2,7,3,27002,740812044,27002,740812119,27002,740459148,27002,908684712
256,500,375,-2,"0.6",-1,1,6,2,7,4,27002,740815370,27002,740815481,27002,740459148,27002,908684712
256,500,375,-2,"0.6",-1,1,6,2,7,5,27002,740773785,27002,740773815,27002,740459148,27002,908684712
256,500,375,-2,"0.6",-1,1,6,2,7,6,27002,740771102,27002,740771182,27002,740459148,27002,908684712
256,500,375,-2,"0.6",-1,1,6,2,8,1,27003,15428341,27003,183424601,27003,15174606,27003,183531596
256,500,375,-2,"0.6",-1,1,6,2,8,2,27003,15518191,27003,15518269,27003,15174606,27003,183531596
256,500,375,-2,"0.6",-1,1,6,2,8,3,27003,15518275,27003,15518407,27003,15174606,27003,183531596
256,500,375,-2,"0.6",-1,1,6,2,8,4,27003,15437431,27003,15437525,27003,15174606,27003,183531596
256,500,375,-2,"0.6",-1,1,6,2,8,5,27003,15438917,27003,15439044,27003,15174606,27003,183531596
256,500,375,-2,"0.6",-1,1,6,2,8,6,27003,16054491,27003,16054625,27003,15174606,27003,183531596
256,500,375,-2,"0.6",-1,1,6,2,9,1,27003,289361027,27003,453716565,27003,288934162,27003,453807722
256,500,375,-2,"0.6",-1,1,6,2,9,2,27003,289361380,27003,289361525,27003,288934162,27003,453807722
256,500,375,-2,"0.6",-1,1,6,2,9,3,27003,289398090,27003,289398202,27003,288934162,27003,453807722
256,500,375,-2,"0.6",-1,1,6,2,9,4,27003,289393292,27003,289393405,27003,288934162,27003,453807722
256,500,375,-2,"0.6",-1,1,6,2,9,5,27003,289328106,27003,289328226,27003,288934162,27003,453807722
256,500,375,-2,"0.6",-1,1,6,2,9,6,27003,289331782,27003,289331827,27003,288934162,27003,453807722
256,500,375,-2,"0.6",-1,1,6,2,10,1,27003,557821267,27003,724481229,27003,557466071,27003,724588486
256,500,375,-2,"0.6",-1,1,6,2,10,2,27003,557849068,27003,557849155,27003,557466071,27003,724588486
256,500,375,-2,"0.6",-1,1,6,2,10,3,27003,557778018,27003,557778108,27003,557466071,27003,724588486
256,500,375,-2,"0.6",-1,1,6,2,10,4,27003,557780469,27003,557780496,27003,557466071,27003,724588486
256,500,375,-2,"0.6",-1,1,6,2,10,5,27003,557819606,27003,557819674,27003,557466071,27003,724588486
256,500,375,-2,"0.6",-1,1,6,2,10,6,27003,557822287,27003,557822314,27003,557466071,27003,724588486
